<?xml version="1.0" encoding="UTF-8"?>
<project version="4">
  <component name="ChangeListManager">
    <list default="true" id="8b9e489b-559c-4fd7-ad17-33cc5241a9f5" name="默认" comment="" />
    <option name="EXCLUDED_CONVERTED_TO_IGNORED" value="true" />
    <option name="TRACKING_ENABLED" value="true" />
    <option name="SHOW_DIALOG" value="false" />
    <option name="HIGHLIGHT_CONFLICTS" value="true" />
    <option name="HIGHLIGHT_NON_ACTIVE_CHANGELIST" value="false" />
    <option name="LAST_RESOLUTION" value="IGNORE" />
  </component>
  <component name="FileEditorManager">
    <leaf SIDE_TABS_SIZE_LIMIT_KEY="300">
      <file leaf-file-name="shouye.html" pinned="false" current-in-tab="true">
        <entry file="file://$PROJECT_DIR$/shouye.html">
          <provider selected="true" editor-type-id="text-editor">
            <state relative-caret-position="357">
              <caret line="160" column="20" lean-forward="true" selection-start-line="160" selection-start-column="20" selection-end-line="160" selection-end-column="20" />
              <folding>
                <element signature="e#1547#1616#0" expanded="false" />
                <element signature="e#1617#2600#0" expanded="false" />
                <element signature="n#style#0;n#div#0;n#body#0;n#html#0;n#!!top" expanded="true" />
                <element signature="n#style#0;n#a#0;n#div#0;n#body#0;n#html#0;n#!!top" expanded="true" />
                <element signature="n#style#0;n#div#1;n#body#0;n#html#0;n#!!top" expanded="true" />
                <element signature="n#style#0;n#div#2;n#body#0;n#html#0;n#!!top" expanded="true" />
                <element signature="e#3477#3483#0" expanded="true" />
                <element signature="e#3483#3489#0" expanded="true" />
                <element signature="e#4997#5003#0" expanded="true" />
                <element signature="e#5003#5009#0" expanded="true" />
                <element signature="e#5293#5299#0" expanded="true" />
                <element signature="e#5299#5305#0" expanded="true" />
                <element signature="e#5663#5669#0" expanded="true" />
                <element signature="e#5669#5675#0" expanded="true" />
                <element signature="e#5859#5865#0" expanded="true" />
                <element signature="e#5865#5871#0" expanded="true" />
                <element signature="n#style#0;n#div#3;n#body#0;n#html#0;n#!!top" expanded="true" />
                <element signature="e#9271#9277#0" expanded="true" />
              </folding>
            </state>
          </provider>
        </entry>
      </file>
      <file leaf-file-name="chacha.png" pinned="false" current-in-tab="false">
        <entry file="file://$PROJECT_DIR$/image/chacha.png">
          <provider selected="true" editor-type-id="images">
            <state />
          </provider>
        </entry>
      </file>
      <file leaf-file-name="luo.jpg" pinned="false" current-in-tab="false">
        <entry file="file://$PROJECT_DIR$/image/luo.jpg">
          <provider selected="true" editor-type-id="images">
            <state />
          </provider>
        </entry>
      </file>
      <file leaf-file-name="3.html" pinned="false" current-in-tab="false">
        <entry file="file://$PROJECT_DIR$/3.html">
          <provider selected="true" editor-type-id="text-editor">
            <state relative-caret-position="546">
              <caret line="26" column="9" lean-forward="false" selection-start-line="26" selection-start-column="9" selection-end-line="26" selection-end-column="9" />
              <folding>
                <element signature="n#style#0;n#p#0;n#body#0;n#html#0;n#!!top" expanded="true" />
              </folding>
            </state>
          </provider>
        </entry>
      </file>
      <file leaf-file-name="娱乐内容.html" pinned="false" current-in-tab="false">
        <entry file="file://$PROJECT_DIR$/娱乐内容.html">
          <provider selected="true" editor-type-id="text-editor">
            <state relative-caret-position="1344">
              <caret line="64" column="54" lean-forward="false" selection-start-line="64" selection-start-column="54" selection-end-line="64" selection-end-column="54" />
              <folding>
                <element signature="n#style#0;n#p#0;n#caption#0;n#table#0;n#body#0;n#html#0;n#!!top" expanded="true" />
                <element signature="n#style#0;n#input#0;n#td#0;n#tr#9;n#table#0;n#body#0;n#html#0;n#!!top" expanded="true" />
              </folding>
            </state>
          </provider>
        </entry>
      </file>
      <file leaf-file-name="zhaopian2.html" pinned="false" current-in-tab="false">
        <entry file="file://$PROJECT_DIR$/zhaopian2.html">
          <provider selected="true" editor-type-id="text-editor">
            <state relative-caret-position="21">
              <caret line="15" column="31" lean-forward="false" selection-start-line="15" selection-start-column="31" selection-end-line="15" selection-end-column="31" />
              <folding />
            </state>
          </provider>
        </entry>
      </file>
      <file leaf-file-name="js.js" pinned="false" current-in-tab="false">
        <entry file="file://$PROJECT_DIR$/js.js">
          <provider selected="true" editor-type-id="text-editor">
            <state relative-caret-position="21">
              <caret line="1" column="0" lean-forward="false" selection-start-line="1" selection-start-column="0" selection-end-line="1" selection-end-column="0" />
              <folding />
            </state>
          </provider>
        </entry>
      </file>
      <file leaf-file-name="zhaopian1.html" pinned="false" current-in-tab="false">
        <entry file="file://$PROJECT_DIR$/zhaopian1.html">
          <provider selected="true" editor-type-id="text-editor">
            <state relative-caret-position="987">
              <caret line="47" column="39" lean-forward="false" selection-start-line="47" selection-start-column="39" selection-end-line="47" selection-end-column="39" />
              <folding />
            </state>
          </provider>
        </entry>
      </file>
      <file leaf-file-name="donghua.html" pinned="false" current-in-tab="false">
        <entry file="file://$PROJECT_DIR$/donghua.html">
          <provider selected="true" editor-type-id="text-editor">
            <state relative-caret-position="21">
              <caret line="1" column="16" lean-forward="false" selection-start-line="1" selection-start-column="16" selection-end-line="1" selection-end-column="16" />
              <folding />
            </state>
          </provider>
        </entry>
      </file>
      <file leaf-file-name="登录注册.html" pinned="false" current-in-tab="false">
        <entry file="file://$PROJECT_DIR$/登录注册.html">
          <provider selected="true" editor-type-id="text-editor">
            <state relative-caret-position="966">
              <caret line="46" column="7" lean-forward="true" selection-start-line="46" selection-start-column="7" selection-end-line="46" selection-end-column="7" />
              <folding>
                <element signature="n#style#0;n#div#0;n#body#0;n#html#0;n#!!top" expanded="true" />
                <element signature="n#style#0;n#input#0;n#form#0;n#div#0;n#body#0;n#html#0;n#!!top" expanded="true" />
                <element signature="n#style#0;n#input#1;n#form#0;n#div#0;n#body#0;n#html#0;n#!!top" expanded="true" />
              </folding>
            </state>
          </provider>
        </entry>
      </file>
    </leaf>
  </component>
  <component name="FileTemplateManagerImpl">
    <option name="RECENT_TEMPLATES">
      <list>
        <option value="JavaScript File" />
        <option value="HTML File" />
      </list>
    </option>
  </component>
  <component name="FindInProjectRecents">
    <findStrings>
      <find>btn</find>
    </findStrings>
  </component>
  <component name="IdeDocumentHistory">
    <option name="CHANGED_PATHS">
      <list>
        <option value="$PROJECT_DIR$/js.js" />
        <option value="$PROJECT_DIR$/image/4.html" />
        <option value="$PROJECT_DIR$/2.html" />
        <option value="$PROJECT_DIR$/3.html" />
        <option value="$PROJECT_DIR$/4.html" />
        <option value="$PROJECT_DIR$/donghua.html" />
        <option value="$PROJECT_DIR$/html.html" />
        <option value="$PROJECT_DIR$/zhaopian.html" />
        <option value="$PROJECT_DIR$/zhaopian2.html" />
        <option value="$PROJECT_DIR$/娱乐内容.html" />
        <option value="$PROJECT_DIR$/shouye.html" />
      </list>
    </option>
  </component>
  <component name="JsBuildToolGruntFileManager" detection-done="true" sorting="DEFINITION_ORDER" />
  <component name="JsBuildToolPackageJson" detection-done="true" sorting="DEFINITION_ORDER" />
  <component name="JsFlowSettings">
    <service-enabled>false</service-enabled>
    <exe-path />
    <annotation-enable>false</annotation-enable>
    <other-services-enabled>false</other-services-enabled>
    <auto-save>true</auto-save>
  </component>
  <component name="JsGulpfileManager">
    <detection-done>true</detection-done>
    <sorting>DEFINITION_ORDER</sorting>
  </component>
  <component name="PhpWorkspaceProjectConfiguration" backward_compatibility_performed="true" />
  <component name="ProjectFrameBounds">
    <option name="x" value="683" />
    <option name="y" value="64" />
    <option name="width" value="738" />
    <option name="height" value="610" />
  </component>
  <component name="ProjectView">
    <navigator currentView="ProjectPane" proportions="" version="1">
      <flattenPackages />
      <showMembers />
      <showModules />
      <showLibraryContents />
      <hideEmptyPackages />
      <abbreviatePackageNames />
      <autoscrollToSource />
      <autoscrollFromSource />
      <sortByType />
      <manualOrder />
      <foldersAlwaysOnTop value="true" />
    </navigator>
    <panes>
      <pane id="Scratches" />
      <pane id="ProjectPane">
        <subPane>
          <expand>
            <path>
              <item name="lol网页简版" type="b2602c69:ProjectViewProjectNode" />
              <item name="html学习1" type="2a2b976b:PhpTreeStructureProvider$1" />
            </path>
          </expand>
          <select />
        </subPane>
      </pane>
      <pane id="Scope" />
    </panes>
  </component>
  <component name="PropertiesComponent">
    <property name="WebServerToolWindowFactoryState" value="false" />
    <property name="DefaultHtmlFileTemplate" value="HTML File" />
    <property name="settings.editor.selected.configurable" value="reference.settingsdialog.IDE.editor.colors.自定义" />
    <property name="last_opened_file_path" value="$PROJECT_DIR$" />
  </component>
  <component name="RecentsManager">
    <key name="MoveFile.RECENT_KEYS">
      <recent name="C:\Users\12865\PhpstormProjects\html学习1\image" />
      <recent name="C:\Users\12865\PhpstormProjects\html学习1\donghua" />
      <recent name="C:\Users\12865\PhpstormProjects\html学习1" />
    </key>
    <key name="CopyFile.RECENT_KEYS">
      <recent name="C:\Users\12865\PhpstormProjects\html学习1\image" />
      <recent name="C:\Users\12865\PhpstormProjects\html学习1\donghua" />
    </key>
  </component>
  <component name="RunDashboard">
    <option name="ruleStates">
      <list>
        <RuleState>
          <option name="name" value="ConfigurationTypeDashboardGroupingRule" />
        </RuleState>
        <RuleState>
          <option name="name" value="StatusDashboardGroupingRule" />
        </RuleState>
      </list>
    </option>
  </component>
  <component name="RunManager" selected="JavaScript Debug.html.html">
    <configuration name="html.html" type="JavascriptDebugType" factoryName="JavaScript Debug" temporary="true" nameIsGenerated="true" uri="http://localhost:63342/html学习1/html.html" />
    <recent_temporary>
      <list size="1">
        <item index="0" class="java.lang.String" itemvalue="JavaScript Debug.html.html" />
      </list>
    </recent_temporary>
  </component>
  <component name="ShelveChangesManager" show_recycled="false">
    <option name="remove_strategy" value="false" />
  </component>
  <component name="TaskManager">
    <task active="true" id="Default" summary="Default task">
      <changelist id="8b9e489b-559c-4fd7-ad17-33cc5241a9f5" name="默认" comment="" />
      <created>1508683691034</created>
      <option name="number" value="Default" />
      <option name="presentableId" value="Default" />
      <updated>1508683691034</updated>
      <workItem from="1508683692726" duration="3106000" />
      <workItem from="1508763833717" duration="2572000" />
      <workItem from="1508824327865" duration="17653000" />
      <workItem from="1508847756132" duration="623000" />
      <workItem from="1508931899979" duration="132000" />
      <workItem from="1508991667305" duration="6056000" />
      <workItem from="1509091538149" duration="858000" />
      <workItem from="1509200502080" duration="510000" />
      <workItem from="1510040126664" duration="219000" />
      <workItem from="1510058773253" duration="894000" />
      <workItem from="1510227393616" duration="1546000" />
      <workItem from="1510301727877" duration="378000" />
      <workItem from="1510573796350" duration="55000" />
      <workItem from="1510594027988" duration="616000" />
      <workItem from="1510640571030" duration="5739000" />
      <workItem from="1510818485918" duration="679000" />
    </task>
    <servers />
  </component>
  <component name="TimeTrackingManager">
    <option name="totallyTimeSpent" value="41636000" />
  </component>
  <component name="ToolWindowManager">
    <frame x="683" y="64" width="738" height="610" extended-state="0" />
    <layout>
      <window_info id="Project" active="true" anchor="left" auto_hide="false" internal_type="DOCKED" type="DOCKED" visible="true" show_stripe_button="true" weight="0.21828909" sideWeight="0.5" order="0" side_tool="false" content_ui="combo" />
      <window_info id="TODO" active="false" anchor="bottom" auto_hide="false" internal_type="DOCKED" type="DOCKED" visible="false" show_stripe_button="true" weight="0.33" sideWeight="0.5" order="6" side_tool="false" content_ui="tabs" />
      <window_info id="Event Log" active="false" anchor="bottom" auto_hide="false" internal_type="DOCKED" type="DOCKED" visible="false" show_stripe_button="true" weight="0.33" sideWeight="0.5" order="7" side_tool="true" content_ui="tabs" />
      <window_info id="Database" active="false" anchor="right" auto_hide="false" internal_type="DOCKED" type="DOCKED" visible="false" show_stripe_button="true" weight="0.33" sideWeight="0.5" order="3" side_tool="false" content_ui="tabs" />
      <window_info id="Version Control" active="false" anchor="bottom" auto_hide="false" internal_type="DOCKED" type="DOCKED" visible="false" show_stripe_button="false" weight="0.33" sideWeight="0.5" order="9" side_tool="false" content_ui="tabs" />
      <window_info id="Structure" active="false" anchor="left" auto_hide="false" internal_type="DOCKED" type="DOCKED" visible="false" show_stripe_button="true" weight="0.25" sideWeight="0.5" order="1" side_tool="false" content_ui="tabs" />
      <window_info id="Terminal" active="false" anchor="bottom" auto_hide="false" internal_type="DOCKED" type="DOCKED" visible="false" show_stripe_button="true" weight="0.33" sideWeight="0.5" order="8" side_tool="false" content_ui="tabs" />
      <window_info id="Favorites" active="false" anchor="left" auto_hide="false" internal_type="DOCKED" type="DOCKED" visible="false" show_stripe_button="true" weight="0.33" sideWeight="0.5" order="2" side_tool="true" content_ui="tabs" />
      <window_info id="Cvs" active="false" anchor="bottom" auto_hide="false" internal_type="DOCKED" type="DOCKED" visible="false" show_stripe_button="true" weight="0.25" sideWeight="0.5" order="4" side_tool="false" content_ui="tabs" />
      <window_info id="Message" active="false" anchor="bottom" auto_hide="false" internal_type="DOCKED" type="DOCKED" visible="false" show_stripe_button="true" weight="0.33" sideWeight="0.5" order="0" side_tool="false" content_ui="tabs" />
      <window_info id="Commander" active="false" anchor="right" auto_hide="false" internal_type="DOCKED" type="DOCKED" visible="false" show_stripe_button="true" weight="0.4" sideWeight="0.5" order="0" side_tool="false" content_ui="tabs" />
      <window_info id="Inspection" active="false" anchor="bottom" auto_hide="false" internal_type="DOCKED" type="DOCKED" visible="false" show_stripe_button="true" weight="0.4" sideWeight="0.5" order="5" side_tool="false" content_ui="tabs" />
      <window_info id="Run" active="false" anchor="bottom" auto_hide="false" internal_type="DOCKED" type="DOCKED" visible="false" show_stripe_button="true" weight="0.33" sideWeight="0.5" order="2" side_tool="false" content_ui="tabs" />
      <window_info id="Hierarchy" active="false" anchor="right" auto_hide="false" internal_type="DOCKED" type="DOCKED" visible="false" show_stripe_button="true" weight="0.25" sideWeight="0.5" order="2" side_tool="false" content_ui="combo" />
      <window_info id="Find" active="false" anchor="bottom" auto_hide="false" internal_type="DOCKED" type="DOCKED" visible="true" show_stripe_button="true" weight="0.022260275" sideWeight="0.5" order="1" side_tool="false" content_ui="tabs" />
      <window_info id="Ant Build" active="false" anchor="right" auto_hide="false" internal_type="DOCKED" type="DOCKED" visible="false" show_stripe_button="true" weight="0.25" sideWeight="0.5" order="1" side_tool="false" content_ui="tabs" />
      <window_info id="Debug" active="false" anchor="bottom" auto_hide="false" internal_type="DOCKED" type="DOCKED" visible="false" show_stripe_button="true" weight="0.4" sideWeight="0.5" order="3" side_tool="false" content_ui="tabs" />
    </layout>
  </component>
  <component name="TypeScriptGeneratedFilesManager">
    <option name="version" value="1" />
  </component>
  <component name="VcsContentAnnotationSettings">
    <option name="myLimit" value="2678400000" />
  </component>
  <component name="XDebuggerManager">
    <breakpoint-manager />
    <watches-manager />
  </component>
  <component name="editorHistoryManager">
    <entry file="file://$PROJECT_DIR$/image/2.jpg">
      <provider selected="true" editor-type-id="images">
        <state />
      </provider>
    </entry>
    <entry file="file://$PROJECT_DIR$/3.html">
      <provider selected="true" editor-type-id="text-editor">
        <state relative-caret-position="231">
          <caret line="11" column="1" lean-forward="false" selection-start-line="11" selection-start-column="1" selection-end-line="11" selection-end-column="1" />
          <folding>
            <element signature="n#style#0;n#p#0;n#body#0;n#html#0;n#!!top" expanded="true" />
          </folding>
        </state>
      </provider>
    </entry>
    <entry file="file://$PROJECT_DIR$/shouye.html">
      <provider selected="true" editor-type-id="text-editor">
        <state relative-caret-position="0">
          <caret line="0" column="0" lean-forward="false" selection-start-line="0" selection-start-column="0" selection-end-line="0" selection-end-column="0" />
          <folding>
            <element signature="e#1547#1616#0" expanded="false" />
            <element signature="e#1617#2600#0" expanded="false" />
            <element signature="n#style#0;n#div#0;n#body#0;n#html#0;n#!!top" expanded="true" />
            <element signature="n#style#0;n#a#0;n#div#0;n#body#0;n#html#0;n#!!top" expanded="true" />
            <element signature="n#style#0;n#div#1;n#body#0;n#html#0;n#!!top" expanded="true" />
            <element signature="n#style#0;n#div#2;n#body#0;n#html#0;n#!!top" expanded="true" />
            <element signature="e#3477#3483#0" expanded="true" />
            <element signature="e#3483#3489#0" expanded="true" />
            <element signature="e#4997#5003#0" expanded="true" />
            <element signature="e#5003#5009#0" expanded="true" />
            <element signature="e#5293#5299#0" expanded="true" />
            <element signature="e#5299#5305#0" expanded="true" />
            <element signature="e#5663#5669#0" expanded="true" />
            <element signature="e#5669#5675#0" expanded="true" />
            <element signature="e#5859#5865#0" expanded="true" />
            <element signature="e#5865#5871#0" expanded="true" />
            <element signature="n#style#0;n#div#3;n#body#0;n#html#0;n#!!top" expanded="true" />
            <element signature="e#9271#9277#0" expanded="true" />
          </folding>
        </state>
      </provider>
    </entry>
    <entry file="file://$PROJECT_DIR$/3.html">
      <provider selected="true" editor-type-id="text-editor">
        <state relative-caret-position="231">
          <caret line="11" column="1" lean-forward="false" selection-start-line="11" selection-start-column="1" selection-end-line="11" selection-end-column="1" />
          <folding>
            <element signature="n#style#0;n#p#0;n#body#0;n#html#0;n#!!top" expanded="true" />
          </folding>
        </state>
      </provider>
    </entry>
    <entry file="file://$PROJECT_DIR$/娱乐内容.html">
      <provider selected="true" editor-type-id="text-editor">
        <state relative-caret-position="231">
          <caret line="11" column="23" lean-forward="true" selection-start-line="11" selection-start-column="23" selection-end-line="11" selection-end-column="23" />
          <folding>
            <element signature="n#style#0;n#p#0;n#caption#0;n#table#0;n#body#0;n#html#0;n#!!top" expanded="true" />
            <element signature="n#style#0;n#input#0;n#td#0;n#tr#9;n#table#0;n#body#0;n#html#0;n#!!top" expanded="true" />
          </folding>
        </state>
      </provider>
    </entry>
    <entry file="file://$PROJECT_DIR$/donghua.html">
      <provider selected="true" editor-type-id="text-editor">
        <state relative-caret-position="21">
          <caret line="1" column="16" lean-forward="true" selection-start-line="1" selection-start-column="16" selection-end-line="1" selection-end-column="16" />
          <folding />
        </state>
      </provider>
    </entry>
    <entry file="file://$PROJECT_DIR$/image/huaji3.jpg">
      <provider selected="true" editor-type-id="images">
        <state />
      </provider>
    </entry>
    <entry file="file://$PROJECT_DIR$/image/1.jpg">
      <provider selected="true" editor-type-id="images">
        <state />
      </provider>
    </entry>
    <entry file="file://$PROJECT_DIR$/登录注册.html">
      <provider selected="true" editor-type-id="text-editor">
        <state relative-caret-position="315">
          <caret line="15" column="65" lean-forward="true" selection-start-line="15" selection-start-column="65" selection-end-line="15" selection-end-column="65" />
          <folding>
            <element signature="n#style#0;n#div#0;n#body#0;n#html#0;n#!!top" expanded="true" />
            <element signature="n#style#0;n#input#0;n#form#0;n#div#0;n#body#0;n#html#0;n#!!top" expanded="true" />
            <element signature="n#style#0;n#input#1;n#form#0;n#div#0;n#body#0;n#html#0;n#!!top" expanded="true" />
          </folding>
        </state>
      </provider>
    </entry>
    <entry file="file://$PROJECT_DIR$/js.js">
      <provider selected="true" editor-type-id="text-editor">
        <state relative-caret-position="21">
          <caret line="1" column="0" lean-forward="false" selection-start-line="1" selection-start-column="0" selection-end-line="1" selection-end-column="0" />
          <folding />
        </state>
      </provider>
    </entry>
    <entry file="file://$PROJECT_DIR$/image/2.jpg">
      <provider selected="true" editor-type-id="images">
        <state />
      </provider>
    </entry>
    <entry file="file://$PROJECT_DIR$/shouye.html">
      <provider selected="true" editor-type-id="text-editor">
        <state relative-caret-position="4809">
          <caret line="229" column="28" lean-forward="false" selection-start-line="229" selection-start-column="28" selection-end-line="229" selection-end-column="28" />
          <folding>
            <element signature="e#1547#1616#0" expanded="false" />
            <element signature="e#1617#2600#0" expanded="false" />
            <element signature="n#style#0;n#div#0;n#body#0;n#html#0;n#!!top" expanded="true" />
            <element signature="n#style#0;n#a#0;n#div#0;n#body#0;n#html#0;n#!!top" expanded="true" />
            <element signature="n#style#0;n#div#1;n#body#0;n#html#0;n#!!top" expanded="true" />
            <element signature="n#style#0;n#div#2;n#body#0;n#html#0;n#!!top" expanded="true" />
            <element signature="e#3477#3483#0" expanded="true" />
            <element signature="e#3483#3489#0" expanded="true" />
            <element signature="e#4997#5003#0" expanded="true" />
            <element signature="e#5003#5009#0" expanded="true" />
            <element signature="e#5293#5299#0" expanded="true" />
            <element signature="e#5299#5305#0" expanded="true" />
            <element signature="e#5663#5669#0" expanded="true" />
            <element signature="e#5669#5675#0" expanded="true" />
            <element signature="e#5859#5865#0" expanded="true" />
            <element signature="e#5865#5871#0" expanded="true" />
            <element signature="n#style#0;n#div#3;n#body#0;n#html#0;n#!!top" expanded="true" />
            <element signature="e#9271#9277#0" expanded="true" />
          </folding>
        </state>
      </provider>
    </entry>
    <entry file="file://$PROJECT_DIR$/3.html">
      <provider selected="true" editor-type-id="text-editor">
        <state relative-caret-position="189">
          <caret line="9" column="7" lean-forward="false" selection-start-line="9" selection-start-column="7" selection-end-line="9" selection-end-column="7" />
          <folding>
            <element signature="n#style#0;n#p#0;n#body#0;n#html#0;n#!!top" expanded="true" />
          </folding>
        </state>
      </provider>
    </entry>
    <entry file="file://$PROJECT_DIR$/js.js">
      <provider selected="true" editor-type-id="text-editor">
        <state relative-caret-position="21">
          <caret line="1" column="0" lean-forward="false" selection-start-line="1" selection-start-column="0" selection-end-line="1" selection-end-column="0" />
          <folding />
        </state>
      </provider>
    </entry>
    <entry file="file://$PROJECT_DIR$/image/button.jpg">
      <provider selected="true" editor-type-id="images">
        <state />
      </provider>
    </entry>
    <entry file="file://$PROJECT_DIR$/image/2.jpg">
      <provider selected="true" editor-type-id="images">
        <state />
      </provider>
    </entry>
    <entry file="file://$PROJECT_DIR$/登录注册.html">
      <provider selected="true" editor-type-id="text-editor">
        <state relative-caret-position="63">
          <caret line="3" column="14" lean-forward="false" selection-start-line="3" selection-start-column="14" selection-end-line="3" selection-end-column="14" />
          <folding>
            <element signature="n#style#0;n#div#0;n#body#0;n#html#0;n#!!top" expanded="true" />
            <element signature="n#style#0;n#input#0;n#form#0;n#div#0;n#body#0;n#html#0;n#!!top" expanded="true" />
            <element signature="n#style#0;n#input#1;n#form#0;n#div#0;n#body#0;n#html#0;n#!!top" expanded="true" />
          </folding>
        </state>
      </provider>
    </entry>
    <entry file="file://$PROJECT_DIR$/shouye.html">
      <provider selected="true" editor-type-id="text-editor">
        <state relative-caret-position="4809">
          <caret line="229" column="28" lean-forward="false" selection-start-line="229" selection-start-column="28" selection-end-line="229" selection-end-column="28" />
          <folding>
            <element signature="e#1547#1616#0" expanded="false" />
            <element signature="e#1617#2600#0" expanded="false" />
            <element signature="n#style#0;n#div#0;n#body#0;n#html#0;n#!!top" expanded="true" />
            <element signature="n#style#0;n#a#0;n#div#0;n#body#0;n#html#0;n#!!top" expanded="true" />
            <element signature="n#style#0;n#div#1;n#body#0;n#html#0;n#!!top" expanded="true" />
            <element signature="n#style#0;n#div#2;n#body#0;n#html#0;n#!!top" expanded="true" />
            <element signature="e#3477#3483#0" expanded="true" />
            <element signature="e#3483#3489#0" expanded="true" />
            <element signature="e#4997#5003#0" expanded="true" />
            <element signature="e#5003#5009#0" expanded="true" />
            <element signature="e#5293#5299#0" expanded="true" />
            <element signature="e#5299#5305#0" expanded="true" />
            <element signature="e#5663#5669#0" expanded="true" />
            <element signature="e#5669#5675#0" expanded="true" />
            <element signature="e#5859#5865#0" expanded="true" />
            <element signature="e#5865#5871#0" expanded="true" />
            <element signature="n#style#0;n#div#3;n#body#0;n#html#0;n#!!top" expanded="true" />
            <element signature="e#9271#9277#0" expanded="true" />
          </folding>
        </state>
      </provider>
    </entry>
    <entry file="file://$PROJECT_DIR$/3.html">
      <provider selected="true" editor-type-id="text-editor">
        <state relative-caret-position="189">
          <caret line="9" column="7" lean-forward="false" selection-start-line="9" selection-start-column="7" selection-end-line="9" selection-end-column="7" />
          <folding>
            <element signature="n#style#0;n#p#0;n#body#0;n#html#0;n#!!top" expanded="true" />
          </folding>
        </state>
      </provider>
    </entry>
    <entry file="file://$PROJECT_DIR$/js.js">
      <provider selected="true" editor-type-id="text-editor">
        <state relative-caret-position="21">
          <caret line="1" column="0" lean-forward="false" selection-start-line="1" selection-start-column="0" selection-end-line="1" selection-end-column="0" />
          <folding />
        </state>
      </provider>
    </entry>
    <entry file="file://$PROJECT_DIR$/image/button.jpg">
      <provider selected="true" editor-type-id="images">
        <state />
      </provider>
    </entry>
    <entry file="file://$PROJECT_DIR$/image/2.jpg">
      <provider selected="true" editor-type-id="images">
        <state />
      </provider>
    </entry>
    <entry file="file://$PROJECT_DIR$/登录注册.html">
      <provider selected="true" editor-type-id="text-editor">
        <state relative-caret-position="63">
          <caret line="3" column="14" lean-forward="false" selection-start-line="3" selection-start-column="14" selection-end-line="3" selection-end-column="14" />
          <folding>
            <element signature="n#style#0;n#div#0;n#body#0;n#html#0;n#!!top" expanded="true" />
            <element signature="n#style#0;n#input#0;n#form#0;n#div#0;n#body#0;n#html#0;n#!!top" expanded="true" />
            <element signature="n#style#0;n#input#1;n#form#0;n#div#0;n#body#0;n#html#0;n#!!top" expanded="true" />
          </folding>
        </state>
      </provider>
    </entry>
    <entry file="file://$PROJECT_DIR$/shouye.html">
      <provider selected="true" editor-type-id="text-editor">
        <state relative-caret-position="4809">
          <caret line="229" column="28" lean-forward="false" selection-start-line="229" selection-start-column="28" selection-end-line="229" selection-end-column="28" />
          <folding>
            <element signature="e#1547#1616#0" expanded="false" />
            <element signature="e#1617#2600#0" expanded="false" />
            <element signature="n#style#0;n#div#0;n#body#0;n#html#0;n#!!top" expanded="true" />
            <element signature="n#style#0;n#a#0;n#div#0;n#body#0;n#html#0;n#!!top" expanded="true" />
            <element signature="n#style#0;n#div#1;n#body#0;n#html#0;n#!!top" expanded="true" />
            <element signature="n#style#0;n#div#2;n#body#0;n#html#0;n#!!top" expanded="true" />
            <element signature="e#3477#3483#0" expanded="true" />
            <element signature="e#3483#3489#0" expanded="true" />
            <element signature="e#4997#5003#0" expanded="true" />
            <element signature="e#5003#5009#0" expanded="true" />
            <element signature="e#5293#5299#0" expanded="true" />
            <element signature="e#5299#5305#0" expanded="true" />
            <element signature="e#5663#5669#0" expanded="true" />
            <element signature="e#5669#5675#0" expanded="true" />
            <element signature="e#5859#5865#0" expanded="true" />
            <element signature="e#5865#5871#0" expanded="true" />
            <element signature="n#style#0;n#div#3;n#body#0;n#html#0;n#!!top" expanded="true" />
            <element signature="e#9271#9277#0" expanded="true" />
          </folding>
        </state>
      </provider>
    </entry>
    <entry file="file://$PROJECT_DIR$/3.html">
      <provider selected="true" editor-type-id="text-editor">
        <state relative-caret-position="189">
          <caret line="9" column="7" lean-forward="false" selection-start-line="9" selection-start-column="7" selection-end-line="9" selection-end-column="7" />
          <folding>
            <element signature="n#style#0;n#p#0;n#body#0;n#html#0;n#!!top" expanded="true" />
          </folding>
        </state>
      </provider>
    </entry>
    <entry file="file://$PROJECT_DIR$/js.js">
      <provider selected="true" editor-type-id="text-editor">
        <state relative-caret-position="21">
          <caret line="1" column="0" lean-forward="false" selection-start-line="1" selection-start-column="0" selection-end-line="1" selection-end-column="0" />
          <folding />
        </state>
      </provider>
    </entry>
    <entry file="file://$PROJECT_DIR$/image/button.jpg">
      <provider selected="true" editor-type-id="images">
        <state />
      </provider>
    </entry>
    <entry file="file://$PROJECT_DIR$/image/2.jpg">
      <provider selected="true" editor-type-id="images">
        <state />
      </provider>
    </entry>
    <entry file="file://$PROJECT_DIR$/登录注册.html">
      <provider selected="true" editor-type-id="text-editor">
        <state relative-caret-position="462">
          <caret line="22" column="67" lean-forward="false" selection-start-line="22" selection-start-column="67" selection-end-line="22" selection-end-column="67" />
          <folding>
            <element signature="n#style#0;n#div#0;n#body#0;n#html#0;n#!!top" expanded="true" />
            <element signature="n#style#0;n#input#0;n#form#0;n#div#0;n#body#0;n#html#0;n#!!top" expanded="true" />
            <element signature="n#style#0;n#input#1;n#form#0;n#div#0;n#body#0;n#html#0;n#!!top" expanded="true" />
          </folding>
        </state>
      </provider>
    </entry>
    <entry file="file://$PROJECT_DIR$/shouye.html">
      <provider selected="true" editor-type-id="text-editor">
        <state relative-caret-position="0">
          <caret line="0" column="0" lean-forward="false" selection-start-line="0" selection-start-column="0" selection-end-line="0" selection-end-column="0" />
          <folding>
            <element signature="e#1547#1616#0" expanded="false" />
            <element signature="e#1617#2600#0" expanded="false" />
            <element signature="n#style#0;n#div#0;n#body#0;n#html#0;n#!!top" expanded="true" />
            <element signature="n#style#0;n#a#0;n#div#0;n#body#0;n#html#0;n#!!top" expanded="true" />
            <element signature="n#style#0;n#div#1;n#body#0;n#html#0;n#!!top" expanded="true" />
            <element signature="n#style#0;n#div#2;n#body#0;n#html#0;n#!!top" expanded="true" />
            <element signature="e#3477#3483#0" expanded="true" />
            <element signature="e#3483#3489#0" expanded="true" />
            <element signature="e#4997#5003#0" expanded="true" />
            <element signature="e#5003#5009#0" expanded="true" />
            <element signature="e#5293#5299#0" expanded="true" />
            <element signature="e#5299#5305#0" expanded="true" />
            <element signature="e#5663#5669#0" expanded="true" />
            <element signature="e#5669#5675#0" expanded="true" />
            <element signature="e#5859#5865#0" expanded="true" />
            <element signature="e#5865#5871#0" expanded="true" />
            <element signature="n#style#0;n#div#3;n#body#0;n#html#0;n#!!top" expanded="true" />
            <element signature="e#9271#9277#0" expanded="true" />
          </folding>
        </state>
      </provider>
    </entry>
    <entry file="file://$PROJECT_DIR$/shouye.html">
      <provider selected="true" editor-type-id="text-editor">
        <state relative-caret-position="0">
          <caret line="0" column="0" lean-forward="false" selection-start-line="0" selection-start-column="0" selection-end-line="0" selection-end-column="0" />
          <folding>
            <element signature="e#1547#1616#0" expanded="false" />
            <element signature="e#1617#2600#0" expanded="false" />
            <element signature="n#style#0;n#div#0;n#body#0;n#html#0;n#!!top" expanded="true" />
            <element signature="n#style#0;n#a#0;n#div#0;n#body#0;n#html#0;n#!!top" expanded="true" />
            <element signature="n#style#0;n#div#1;n#body#0;n#html#0;n#!!top" expanded="true" />
            <element signature="n#style#0;n#div#2;n#body#0;n#html#0;n#!!top" expanded="true" />
            <element signature="e#3477#3483#0" expanded="true" />
            <element signature="e#3483#3489#0" expanded="true" />
            <element signature="e#4997#5003#0" expanded="true" />
            <element signature="e#5003#5009#0" expanded="true" />
            <element signature="e#5293#5299#0" expanded="true" />
            <element signature="e#5299#5305#0" expanded="true" />
            <element signature="e#5663#5669#0" expanded="true" />
            <element signature="e#5669#5675#0" expanded="true" />
            <element signature="e#5859#5865#0" expanded="true" />
            <element signature="e#5865#5871#0" expanded="true" />
            <element signature="n#style#0;n#div#3;n#body#0;n#html#0;n#!!top" expanded="true" />
            <element signature="e#9271#9277#0" expanded="true" />
          </folding>
        </state>
      </provider>
    </entry>
    <entry file="file://$PROJECT_DIR$/image/button.jpg">
      <provider selected="true" editor-type-id="images">
        <state />
      </provider>
    </entry>
    <entry file="file://$PROJECT_DIR$/image/huaji2.jpg">
      <provider selected="true" editor-type-id="images">
        <state />
      </provider>
    </entry>
    <entry file="file://$PROJECT_DIR$/image/huaji3.jpg">
      <provider selected="true" editor-type-id="images">
        <state />
      </provider>
    </entry>
    <entry file="file://$PROJECT_DIR$/image/huaji1.jpg">
      <provider selected="true" editor-type-id="images">
        <state />
      </provider>
    </entry>
    <entry file="file://$PROJECT_DIR$/image/2.jpg">
      <provider selected="true" editor-type-id="images">
        <state />
      </provider>
    </entry>
    <entry file="file://$PROJECT_DIR$/image/1.jpg">
      <provider selected="true" editor-type-id="images">
        <state />
      </provider>
    </entry>
    <entry file="file://$PROJECT_DIR$/image/Totop.png">
      <provider selected="true" editor-type-id="images">
        <state />
      </provider>
    </entry>
    <entry file="file://$PROJECT_DIR$/image/jin.jpg">
      <provider selected="true" editor-type-id="images">
        <state />
      </provider>
    </entry>
    <entry file="file://$PROJECT_DIR$/image/xia.jpg">
      <provider selected="true" editor-type-id="images">
        <state />
      </provider>
    </entry>
    <entry file="file://$PROJECT_DIR$/image/weikeduo.jpg">
      <provider selected="true" editor-type-id="images">
        <state />
      </provider>
    </entry>
    <entry file="file://$PROJECT_DIR$/image/luo.jpg">
      <provider selected="true" editor-type-id="images">
        <state />
      </provider>
    </entry>
    <entry file="file://$PROJECT_DIR$/登录注册.html">
      <provider selected="true" editor-type-id="text-editor">
        <state relative-caret-position="966">
          <caret line="46" column="7" lean-forward="true" selection-start-line="46" selection-start-column="7" selection-end-line="46" selection-end-column="7" />
          <folding>
            <element signature="n#style#0;n#div#0;n#body#0;n#html#0;n#!!top" expanded="true" />
            <element signature="n#style#0;n#input#0;n#form#0;n#div#0;n#body#0;n#html#0;n#!!top" expanded="true" />
            <element signature="n#style#0;n#input#1;n#form#0;n#div#0;n#body#0;n#html#0;n#!!top" expanded="true" />
          </folding>
        </state>
      </provider>
    </entry>
    <entry file="file://$PROJECT_DIR$/娱乐内容.html">
      <provider selected="true" editor-type-id="text-editor">
        <state relative-caret-position="1344">
          <caret line="64" column="54" lean-forward="false" selection-start-line="64" selection-start-column="54" selection-end-line="64" selection-end-column="54" />
          <folding>
            <element signature="n#style#0;n#p#0;n#caption#0;n#table#0;n#body#0;n#html#0;n#!!top" expanded="true" />
            <element signature="n#style#0;n#input#0;n#td#0;n#tr#9;n#table#0;n#body#0;n#html#0;n#!!top" expanded="true" />
          </folding>
        </state>
      </provider>
    </entry>
    <entry file="file://$PROJECT_DIR$/image/chacha.png">
      <provider selected="true" editor-type-id="images">
        <state />
      </provider>
    </entry>
    <entry file="file://$PROJECT_DIR$/zhaopian2.html">
      <provider selected="true" editor-type-id="text-editor">
        <state relative-caret-position="21">
          <caret line="15" column="31" lean-forward="false" selection-start-line="15" selection-start-column="31" selection-end-line="15" selection-end-column="31" />
          <folding />
        </state>
      </provider>
    </entry>
    <entry file="file://$PROJECT_DIR$/js.js">
      <provider selected="true" editor-type-id="text-editor">
        <state relative-caret-position="21">
          <caret line="1" column="0" lean-forward="false" selection-start-line="1" selection-start-column="0" selection-end-line="1" selection-end-column="0" />
          <folding />
        </state>
      </provider>
    </entry>
    <entry file="file://$PROJECT_DIR$/donghua.html">
      <provider selected="true" editor-type-id="text-editor">
        <state relative-caret-position="21">
          <caret line="1" column="16" lean-forward="false" selection-start-line="1" selection-start-column="16" selection-end-line="1" selection-end-column="16" />
          <folding />
        </state>
      </provider>
    </entry>
    <entry file="file://$PROJECT_DIR$/3.html">
      <provider selected="true" editor-type-id="text-editor">
        <state relative-caret-position="546">
          <caret line="26" column="9" lean-forward="false" selection-start-line="26" selection-start-column="9" selection-end-line="26" selection-end-column="9" />
          <folding>
            <element signature="n#style#0;n#p#0;n#body#0;n#html#0;n#!!top" expanded="true" />
          </folding>
        </state>
      </provider>
    </entry>
    <entry file="file://$PROJECT_DIR$/zhaopian1.html">
      <provider selected="true" editor-type-id="text-editor">
        <state relative-caret-position="987">
          <caret line="47" column="39" lean-forward="false" selection-start-line="47" selection-start-column="39" selection-end-line="47" selection-end-column="39" />
          <folding />
        </state>
      </provider>
    </entry>
    <entry file="file://$PROJECT_DIR$/shouye.html">
      <provider selected="true" editor-type-id="text-editor">
        <state relative-caret-position="357">
          <caret line="160" column="20" lean-forward="true" selection-start-line="160" selection-start-column="20" selection-end-line="160" selection-end-column="20" />
          <folding>
            <element signature="e#1547#1616#0" expanded="false" />
            <element signature="e#1617#2600#0" expanded="false" />
            <element signature="n#style#0;n#div#0;n#body#0;n#html#0;n#!!top" expanded="true" />
            <element signature="n#style#0;n#a#0;n#div#0;n#body#0;n#html#0;n#!!top" expanded="true" />
            <element signature="n#style#0;n#div#1;n#body#0;n#html#0;n#!!top" expanded="true" />
            <element signature="n#style#0;n#div#2;n#body#0;n#html#0;n#!!top" expanded="true" />
            <element signature="e#3477#3483#0" expanded="true" />
            <element signature="e#3483#3489#0" expanded="true" />
            <element signature="e#4997#5003#0" expanded="true" />
            <element signature="e#5003#5009#0" expanded="true" />
            <element signature="e#5293#5299#0" expanded="true" />
            <element signature="e#5299#5305#0" expanded="true" />
            <element signature="e#5663#5669#0" expanded="true" />
            <element signature="e#5669#5675#0" expanded="true" />
            <element signature="e#5859#5865#0" expanded="true" />
            <element signature="e#5865#5871#0" expanded="true" />
            <element signature="n#style#0;n#div#3;n#body#0;n#html#0;n#!!top" expanded="true" />
            <element signature="e#9271#9277#0" expanded="true" />
          </folding>
        </state>
      </provider>
    </entry>
  </component>
  <component name="masterDetails">
    <states>
      <state key="ScopeChooserConfigurable.UI">
        <settings>
          <splitter-proportions>
            <option name="proportions">
              <list>
                <option value="0.2" />
              </list>
            </option>
          </splitter-proportions>
        </settings>
      </state>
    </states>
  </component>
</project>